{
    "rmse": 0.7141489394334787,
    "mae": 0.5686755997258247,
    "r2": 0.21596678262633207
}