{
    "rmse": 0.719816495715422,
    "mae": 0.5725827011599136,
    "r2": 0.18911414765205214
}